{
	"credit": "Made with Blockbench",
	"parent": "minecraft:item/generated",
	"textures": {
		"layer0": "item/netherite_sword/fisted_warhammer"
	},
	"display": {
		"thirdperson_righthand": {
			"rotation": [80, 90, 0],
			"translation": [0, 4, 5]
		},
		"thirdperson_lefthand": {
			"rotation": [80, -90, 0],
			"translation": [0, 4, 5]
		},
		"firstperson_righthand": {
			"rotation": [114.26, 77.57, -119.63],
			"translation": [1.25, 3, -5],
			"scale": [1.2, 1.2, 1]
		},
		"firstperson_lefthand": {
			"rotation": [-91.67, -81.03, -96.65],
			"translation": [1.25, 3, -5],
			"scale": [1.2, 1.2, 1]
		},
		"ground": {
			"translation": [0, 4, 0]
		},
		"fixed": {
			"rotation": [0, 180, 0],
			"translation": [-0.5, 0, 0],
			"scale": [1.2, 1.2, 1.2]
		}
	}
}