{
	"parent": "minecraft:item/generated",
	"textures": {
		"1": "item/netherite_sword/kukri",
		"layer0": "item/netherite_sword/kukri",
		"particle": "item/netherite_sword/kukri"
	},
	"display": {
		"thirdperson_righthand": {
			"rotation": [55, 90, 0],
			"translation": [0, 8.25, 2]
		},
		"thirdperson_lefthand": {
			"rotation": [-15, -90, -75],
			"translation": [0, 8.25, 2]
		},
		"firstperson_righthand": {
			"rotation": [-10, 90, 0],
			"translation": [0, 7, -2.5],
			"scale": [1, 1, 0.5]
		},
		"firstperson_lefthand": {
			"rotation": [-10, -90, 0],
			"translation": [0, 7, -2.5],
			"scale": [1, 1, 0.5]
		},
		"ground": {
			"rotation": [0, 45, 0],
			"translation": [0, 4, 0],
			"scale": [1, 1, 0.5]
		},
		"gui": {
			"scale": [1, 1, 0.9]
		},
		"fixed": {
			"rotation": [0, 180, 0],
			"scale": [1.2, 1.2, 1]
		}
	}
}