{
  "parent": "minecraft:item/generated",
  "textures": {
    "layer0": "item/netherite_sword/childbeater"
  },
  
  "display": 
  {
     
      "gui": {
      "rotation": [0, 0, 0],
      "translation": [0, 0, 0],
      "scale": [1, 1, 1]
    },
      "ground": {
      "rotation": [0, 0, 0],
      "translation": [0, 0, 0],
      "scale": [1, 1, 1]
    },
      "fixed": {
      "rotation": [0, 180, 0],
      "translation": [0, 0, 0],
      "scale": [1, 1, 1]
    },
      "frame": {
      "rotation": [0, 0, 0],
      "translation": [0, 0, 0],
      "scale": [1.5, 1.5, 1.5]
    },

      "thirdperson_righthand": {
      "rotation": [ 75, 90, 0 ],
      "translation": [ 0, 6, 5 ],
      "scale": [ 1, 1, 1 ]
    },
      "thirdperson_lefthand": {
      "rotation": [ 75, -90, 0 ],
      "translation": [ 0, 6, 5 ],
      "scale": [ 1, 1, 1 ]
    },
      "firstperson_righthand": {
      "rotation": [ -75, 90, 70 ],
      "translation": [ 1, 3, -5 ],
      "scale": [ 1, 1, 1 ]
    },
      "firstperson_lefthand": {
      "rotation": [ 70, -90, 70 ],
      "translation": [ 1, 3, -5 ],
      "scale": [ 1, 1, 1 ]
    }
  }

}