{
	"credit": "Made with Blockbench",
	"parent": "minecraft:item/generated",
	"textures": {
		"layer0": "item/netherite_sword/koning_brunos_grootheid"
	},
	"display": {
		"thirdperson_righthand": {
			"rotation": [75, 90, 0],
			"translation": [0, 6, 5]
		},
		"thirdperson_lefthand": {
			"rotation": [75, -90, 0],
			"translation": [0, 6, 5]
		},
		"firstperson_righthand": {
			"rotation": [-75, 90, 70],
			"translation": [1, 3, -5]
		},
		"firstperson_lefthand": {
			"rotation": [70, -90, 70],
			"translation": [1, 3, -5]
		},
		"ground": {
			"translation": [1, 4, 0]
		},
		"fixed": {
			"rotation": [0, 180, 0],
			"scale": [1.2, 1.2, 1]
		}
	}
}