{
	"credit": "Made with Blockbench",
	"parent": "minecraft:item/generated",
	"textures": {
		"layer0": "item/netherite_sword/monado"
	},
	"display": {
		"thirdperson_righthand": {
			"rotation": [90, 90, -50],
			"translation": [0, 10, 1],
			"scale": [1.5, 2, 0.7]
		},
		"thirdperson_lefthand": {
			"rotation": [90, -90, 50],
			"translation": [0, 10, 1],
			"scale": [1.5, 2, 0.7]
		},
		"firstperson_righthand": {
			"rotation": [-90, 120, 70],
			"translation": [1.13, 3.2, -6.5],
			"scale": [1.5, 2, 0.7]
		},
		"firstperson_lefthand": {
			"rotation": [-90, -60, -70],
			"translation": [1.13, 3.2, -6.5],
			"scale": [1.5, 2, 0.7]
		},
		"ground": {
			"rotation": [0, 45, -45],
			"scale": [1.5, 1.5, 0.5]
		},
		"fixed": {
			"rotation": [0, 180, 0],
			"scale": [1.2, 1.2, 1]
		}
	}
}