{
  "parent": "minecraft:item/generated",
  "textures": {
    "layer0": "item/netherite_sword/murasama"
  },
  
  "display": 
  {
     
      "gui": {
      "rotation": [30, 45, -45],
      "translation": [0, 0, 0],
      "scale": [1.5, 1.5, 1.5]
    },
      "ground": {
      "rotation": [0, 45, -45],
      "translation": [0, 0, 0],
      "scale": [1.5, 1.5, 0.5]
    },
      "fixed": {
      "rotation": [0, 180, -22.5],
      "translation": [0, 0, 0],
      "scale": [1.8, 1.8, 1]
    },
      "frame": {
      "rotation": [0, 0, 0],
      "translation": [0, 0, 0],
      "scale": [1.5, 1.5, 1.5]
    },

      "thirdperson_righthand": {
      "rotation": [ 90, 90, -70 ],
      "translation": [ 0, 7, 2 ],
      "scale": [ 1.5, 2, 0.7 ]
    },
      "thirdperson_lefthand": {
      "rotation": [ -50, -90, -70 ],
      "translation": [ 0, 7, 2 ],
      "scale": [ 1.5, 2, 0.7 ]
    },
      "firstperson_righthand": {
      "rotation": [ -90, 90, 70 ],
      "translation": [ 1.13, 3.2, -6.5 ],
      "scale": [ 1.5, 2, 0.7 ]
    },
      "firstperson_lefthand": {
      "rotation": [ -90, -90, -70 ],
      "translation": [ 1.13, 3.2, -6.5 ],
      "scale": [ 1.5, 2, 0.7 ]
    }
  }

}