{
  "parent": "minecraft:item/generated",
  "textures": {
    "layer0": "item/netherite_sword/rapier"
  },
  
  "display": 
  {
     
      "gui": {
      "rotation": [30, 25, 0],
      "translation": [0, 0, 0],
      "scale": [0.9, 0.9, 0.9]
    },
      "ground": {
      "rotation": [0, 45, 0],
      "translation": [0, 4, 0],
      "scale": [1, 1, 0.5]
    },
      "fixed": {
      "rotation": [0, 180, 0],
      "translation": [0, 0, 0],
      "scale": [1, 1, 1]
    },
      "frame": {
      "rotation": [0, 0, 0],
      "translation": [0, 0, 0],
      "scale": [1, 1, 1]
    },

      "thirdperson_righthand": {
      "rotation": [ 90, 90, -70 ],
      "translation": [ 0, 8, -2],
      "scale": [ 1, 1, 0.7 ]
    },
      "thirdperson_lefthand": {
      "rotation": [ -50, -90, -70 ],
      "translation": [ 0, 8, -2],
      "scale": [ 1, 1, 0.7 ]
    },
      "firstperson_righthand": {
      "rotation": [ -90, 90, 45 ],
      "translation": [ 3, 3, -8 ],
      "scale": [ 1.5, 1.5, 0.7 ]
    },
      "firstperson_lefthand": {
      "rotation": [ -90, -90, -45 ],
      "translation": [ 3, 3, -8 ],
      "scale": [ 1.5, 1.5, 0.7 ]
    }
  }

}