{
  "parent": "minecraft:item/generated",
  "textures": {
    "layer0": "item/netherite_sword/the_simpslayer"
  },
  
  "display": 
  {
     
      "gui": {
      "rotation": [0, 0, 0],
      "translation": [0, 0, 0],
      "scale": [1, 1, 1]
    },
      "ground": {
      "rotation": [0, 45, -45],
      "translation": [0, 0, 0],
      "scale": [1.5, 1.5, 0.5]
    },
      "fixed": {
      "rotation": [0, 180, 0],
      "translation": [0, 0, 0],
      "scale": [1.3, 1.3, 1.3]
    },
      "frame": {
      "rotation": [0, 0, 0],
      "translation": [0, 0, 0],
      "scale": [1.5, 1.5, 1]
    },

      "thirdperson_righthand": {
      "rotation": [ 90, 90, -60 ],
      "translation": [ 3, 12, 0 ],
      "scale": [ 1.5, 2, 0.7 ]
    },
      "thirdperson_lefthand": {
      "rotation": [ -90, -90, -120 ],
      "translation": [ 3, 12, 0 ],
      "scale": [ 1.5, 2, 0.7 ]
    },
      "firstperson_righthand": {
      "rotation": [ -80, 90, 70 ],
      "translation": [ 1.13, 3.2, -3 ],
      "scale": [ 1.5, 2, 0.7 ]
    },
      "firstperson_lefthand": {
      "rotation": [ -80, -90, -70 ],
      "translation": [ 1.13, 3.2, -3 ],
      "scale": [ 1.5, 2, 0.7 ]
    }
  }

}