{
  "model": {
    "type": "minecraft:condition",
    "property": "minecraft:has_component",
    "component": "minecraft:custom_name",
    "on_true": {
      "type": "minecraft:select",
      "property": "minecraft:component",
      "component": "minecraft:custom_name",
      "cases": [
        {
          "when": "The Simpslayer",
          "model": {
            "type": "minecraft:model",
            "model": "minecraft:item/netherite_sword/the_simpslayer"
          }
        },
        {
          "when": "Kukri",
          "model": {
            "type": "minecraft:model",
            "model": "minecraft:item/netherite_sword/kukri"
          }
        },
        {
          "when": "Murasama",
          "model": {
            "type": "minecraft:model",
            "model": "minecraft:item/netherite_sword/murasama"
          }
        },
        {
          "when": "Grootheid van Koning Bruno",
          "model": {
            "type": "minecraft:model",
            "model": "minecraft:item/netherite_sword/koning_brunos_grootheid"
          }
        },
        {
          "when": "Sunlight Yellow Overdrive!!!",
          "model": {
            "type": "minecraft:model",
            "model": "minecraft:item/netherite_sword/rapier"
          }
        },
        {
          "when": "Fisted Warhammer",
          "model": {
            "type": "minecraft:model",
            "model": "minecraft:item/netherite_sword/fisted_warhammer"
          }
        },
        {
          "when": "Child Beater",
          "model": {
            "type": "minecraft:model",
            "model": "minecraft:item/netherite_sword/child_beater"
          }
        },
        {
          "when": "Monado",
          "model": {
            "type": "minecraft:model",
            "model": "minecraft:item/netherite_sword/monado"
          }
        }
      ],
      "fallback": {
        "type": "minecraft:model",
        "model": "minecraft:item/netherite_sword"
      }
    },
    "on_false": {
      "type": "minecraft:model",
      "model": "minecraft:item/netherite_sword"
    }
  }
}